{
  "model": "gat",
  "bin_roc_auc": 0.575747922437673,
  "bin_pr_auc": 0.04168947860430281,
  "bin_accuracy@0": 0.8534571723426213,
  "mrr": 0.1594048103637315,
  "hits@1": 0.05263157894736842,
  "hits@3": 0.15789473684210525,
  "hits@10": 0.3157894736842105,
  "mean_rank": 22.68421052631579,
  "num_test": 38,
  "num_negs_per_pos": 50
}