{
  "model": "rgcn",
  "bin_roc_auc": 0.6398060941828255,
  "bin_pr_auc": 0.04226031421789592,
  "bin_accuracy@0": 0.8895768833849329,
  "mrr": 0.17938013230824068,
  "hits@1": 0.07894736842105263,
  "hits@3": 0.15789473684210525,
  "hits@10": 0.42105263157894735,
  "mean_rank": 17.13157894736842,
  "num_test": 38,
  "num_negs_per_pos": 50
}