{
  "model": "rgat",
  "bin_roc_auc": 0.7323199445983379,
  "bin_pr_auc": 0.0525692323281566,
  "bin_accuracy@0": 0.8498452012383901,
  "mrr": 0.19084947396442709,
  "hits@1": 0.05263157894736842,
  "hits@3": 0.15789473684210525,
  "hits@10": 0.6052631578947368,
  "mean_rank": 14.763157894736842,
  "num_test": 38,
  "num_negs_per_pos": 50
}