model,test_pos,test_neg,accuracy@0.5,roc_auc,pr_auc,mrr,hits@10
rgat,105,5250,0.8681605975723623,0.7262204081632653,0.0651500886605003,0.25622264317103793,0.5523809523809524
rgcn,105,5250,0.9090569561157796,0.7121034013605443,0.0765115195326106,0.2685020991734096,0.5619047619047619
gat,105,5250,0.8713352007469655,0.6973315192743764,0.048507134831398555,0.20061300368536086,0.5142857142857142
