{
  "model": "gat",
  "test_pos": 105,
  "test_neg": 5250,
  "accuracy@0.5": 0.8713352007469655,
  "roc_auc": 0.6973315192743764,
  "pr_auc": 0.048507134831398555,
  "mrr": 0.20061300368536086,
  "hits@10": 0.5142857142857142
}