{
  "model": "rgcn",
  "test_pos": 105,
  "test_neg": 5250,
  "accuracy@0.5": 0.9090569561157796,
  "roc_auc": 0.7121034013605443,
  "pr_auc": 0.0765115195326106,
  "mrr": 0.2685020991734096,
  "hits@10": 0.5619047619047619
}