{
  "model": "rgat",
  "test_pos": 105,
  "test_neg": 5250,
  "accuracy@0.5": 0.8681605975723623,
  "roc_auc": 0.7262204081632653,
  "pr_auc": 0.0651500886605003,
  "mrr": 0.25622264317103793,
  "hits@10": 0.5523809523809524
}